set_num,name,year,num_parts,theme
7171-1,Mos Espa Podrace,1999,913,Star Wars
7131-1,Anakin's Podracer,1999,136,Star Wars
7140-1,X-wing Fighter,1999,271,Star Wars
7141-1,Naboo Fighter,1999,179,Star Wars
7121-1,Naboo Swamp,1999,82,Star Wars
7150-1,TIE Fighter & Y-wing,1999,410,Star Wars
7151-1,Sith Infiltrator,1999,244,Star Wars
7161-1,Gungan Sub,1999,379,Star Wars
7128-1,Speeder Bikes,1999,93,Star Wars
7130-1,Snowspeeder,1999,217,Star Wars
7111-1,Droid Fighter,1999,62,Star Wars
7110-1,Landspeeder,1999,49,Star Wars
9748-1,Droid Developer Kit,1999,658,Star Wars
7101-1,Lightsaber Duel,1999,52,Star Wars
7184-1,Trade Federation MTT,2000,466,Star Wars
7180-1,B-wing at Rebel Control Center,2000,346,Star Wars
3341-1,Star Wars #2 - Luke/Han/Boba Minifig Pack,2000,25,Star Wars
3342-1,Star Wars #3 - Troopers/Chewie Minifig Pack,2000,25,Star Wars
7159-1,Star Wars Podracing Bucket,2000,293,Star Wars
7155-1,Trade Federation AAT,2000,158,Star Wars
3343-1,Star Wars #4 - Battle Droid Minifig Pack,2000,33,Star Wars
7190-1,Millennium Falcon,2000,671,Star Wars
7144-1,Slave I,2000,166,Star Wars
7134-1,A-wing Fighter,2000,125,Star Wars
3340-1,Star Wars #1 - Sith Minifig Pack,2000,30,Star Wars
9754-1,Dark Side Developers Kit,2000,578,Star Wars
4151270-1,Star Wars Co-Pack of 7121 and 7111,2000,0,Star Wars
VP-3,Star Wars Co-Pack of 7131 and 7151,2000,0,Star Wars
8000-1,Pit Droid,2000,223,Star Wars
7115-1,Gungan Patrol,2000,79,Star Wars
VP-8,Star Wars Co-Pack of 7130 and 7150,2000,0,Star Wars
VP-4,Star Wars Co-Pack of 7101 7111 and 7171,2000,0,Star Wars
8001-1,Battle Droid,2000,336,Star Wars
VP-12,Star Wars Co-Pack of 7121 and 7151,2000,0,Star Wars
VP-11,Star Wars Co-Pack of 7101 7111 and 7131,2000,0,Star Wars
8002-1,Destroyer Droid,2000,567,Star Wars
7104-1,Desert Skiff,2000,55,Star Wars
swminifigs-1,Star Wars Minifig Packs 4-Pack,2000,0,Star Wars
7124-1,Flash Speeder,2000,107,Star Wars
8008-1,Stormtrooper,2001,360,Star Wars
7126-1,Battle Droid Carrier,2001,133,Star Wars
7166-1,Imperial Shuttle,2001,238,Star Wars
8007-1,C-3PO,2001,339,Star Wars
65028-1,Star Wars Co-Pack of 7115 7124 and 7141,2001,0,Star Wars
7127-1,Imperial AT-ST,2001,107,Star Wars
65034-1,Star Wars Co-Pack,2001,0,Star Wars
65030-1,Star Wars Co-Pack of 7104 and 7144,2001,0,Star Wars
7186-1,Watto's Junkyard,2001,449,Star Wars
7106-1,Droid Escape,2001,45,Star Wars
VP-2,Star Wars Co-Pack of 7110 and 7144,2001,0,Star Wars
7146-1,TIE Fighter,2001,171,Star Wars
7113-1,Tusken Raider Encounter,2002,93,Star Wars
7200-1,Final Duel I,2002,32,Star Wars
7201-1,Final Duel II,2002,26,Star Wars
7204-1,Jedi Defense II,2002,53,Star Wars
7203-1,Jedi Defense I,2002,59,Star Wars
7133-1,Bounty Hunter Pursuit,2002,254,Star Wars
65106-1,Episode II Co-Pack (contains 7103 7113),2002,0,Star Wars
65145-1,X-wing Fighter / TIE Fighter & Y-wing Collectors Set,2002,0,Star Wars
65153-1,Jango Fett's Slave I with Bonus Carrying Case,2002,0,Star Wars
7153-1,Jango Fett's Slave I,2002,360,Star Wars
7152-1,TIE Fighter & Y-wing,2002,411,Star Wars
7119-1,Twin-Pod Cloud Car,2002,118,Star Wars
4195641-1,Star Wars Co-Pack of 7142 and 7152,2002,0,Star Wars
7142-1,X-wing Fighter,2002,273,Star Wars
7139-1,Ewok Attack,2002,121,Star Wars
7163-1,Republic Gunship,2002,697,Star Wars
7143-1,Jedi Starfighter,2002,139,Star Wars
7103-1,Jedi Duel,2002,82,Star Wars
3219-1,TIE Fighter - Mini,2002,12,Star Wars
8011-1,Jango Fett,2002,425,Star Wars
8010-1,Darth Vader,2002,388,Star Wars
8009-1,R2-D2,2002,239,Star Wars
8012-1,Super Battle Droid,2002,378,Star Wars
K720x-1,Story Teller Pack,2002,0,Star Wars
K7204-1,Jedi Adventure Kit,2002,0,Star Wars
65081-1,R2-D2 / C-3PO Droid Collectors Set,2002,1,Star Wars
K7153-1,Episode II Ultimate Action Kit,2002,0,Star Wars
K8008-1,Darth Vader / Stormtrooper Kit,2002,0,Star Wars
K4488-1,Star Wars Miniatures Kit II,2003,0,Star Wars
VP-10,Star Wars Value Pack with Free LEGO Backpack (K-Mart Australia Exclusive),2003,1,Star Wars
K4487-1,Star Wars Miniatures Kit I,2003,0,Star Wars
4504-2,"Millennium Falcon (Redesign), Original Trilogy Edition box",2003,996,Star Wars
4504-1,"Millennium Falcon (Redesign), Blue box",2003,997,Star Wars
K4482-1,Episode II Final Scene Kit,2003,0,Star Wars
4502-1,X-wing Fighter,2003,564,Star Wars
K4480-1,Jabba's Palace Kit,2003,0,Star Wars
4501-1,"Mos Eisley Cantina, Blue box",2003,197,Star Wars
K4479-1,TIE Bomber & TIE Fighter Kit,2003,0,Star Wars
4500-1,Rebel Snowspeeder [Redesign] - Blue box,2003,217,Star Wars
4207901-1,Star Wars MINI Bonus Pack,2003,0,Star Wars
4482-1,AT-TE,2003,651,Star Wars
4476-1,Jabba's Prize,2003,40,Star Wars
4479-1,TIE Bomber,2003,229,Star Wars
4480-1,Jabba's Palace,2003,234,Star Wars
4481-1,Hailfire Droid,2003,680,Star Wars
4475-1,Jabba's Message,2003,46,Star Wars
4483-1,"AT-AT, black box",2003,1070,Star Wars
4477-1,T-16 Skyhopper,2003,98,Star Wars
4484-1,X-wing Fighter & TIE Advanced - Mini,2003,72,Star Wars
4486-1,AT-ST & Snowspeeder - Mini,2003,76,Star Wars
4487-1,Jedi Starfighter & Slave I - Mini,2003,53,Star Wars
4488-1,Millennium Falcon - Mini,2003,87,Star Wars
4489-1,AT-AT - Mini,2003,98,Star Wars
4490-1,Republic Gunship - Mini,2003,102,Star Wars
4491-1,Trade Federation MTT - Mini,2003,99,Star Wars
4485-1,Sebulba's Podracer & Anakin's Podracer - Mini,2003,72,Star Wars
4478-1,"Geonosian Fighter, Black Box",2003,171,Star Wars
6965-1,TIE Interceptor,2004,32,Star Wars
K10131-1,Battle of Yavin Collection,2004,0,Star Wars
6964-2,Boba Fett's Slave I - Mini (Polybag),2004,25,Star Wars
6963-2,X-wing Fighter,2004,41,Star Wars
6964-1,Boba Fett's Slave I - Mini (Kabaya Box),2004,25,Star Wars
K4492-1,Star Wars Miniatures Kit III,2004,0,Star Wars
6963-1,X-wing Fighter,2004,41,Star Wars
4501-2,"Mos Eisley Cantina, Original Trilogy Edition box",2004,196,Star Wars
4493-1,Sith Infiltrator - Mini,2004,55,Star Wars
4492-1,Star Destroyer - Mini,2004,87,Star Wars
4483-2,"AT-AT, blue box",2004,1070,Star Wars
4478-2,Geonosian Fighter Blue Box,2004,172,Star Wars
445062-1,Star Wars Co-Pack of 4500 and 4504,2004,0,Star Wars
4500-2,"Rebel Snowspeeder (redesign), Original Trilogy Edition box",2004,211,Star Wars
4502-2,X-wing Fighter,2004,564,Star Wars
4495-1,AT-TE - Mini,2004,63,Star Wars
4494-1,Imperial Shuttle - Mini,2004,82,Star Wars
7262-1,TIE Fighter and Y-wing,2004,417,Star Wars
K7283-1,V-wing Space Battle Collection,2005,0,Star Wars
tf05-1,Lego Toy Fair 2005 Star Wars V.I.P. Gala Set,2005,60,Star Wars
7283-1,Ultimate Space Battle,2005,565,Star Wars
7261-1,Clone Turbo Tank [Light-Up Mace Windu],2005,809,Star Wars
7264-1,Imperial Inspection,2005,379,Star Wars
7263-1,TIE Fighter,2005,161,Star Wars
65771-1,Episode III Collectors' Set,2005,2,Star Wars
65844-1,Star Wars Co-Pack of 7255 4492 and 4494,2005,0,Star Wars
sw117promo-1,Darth Vader: 56. International Toy Fair Nuernberg,2005,3,Star Wars
SWMP-1,Star Wars / M&M Mosaic - Promo Set,2005,5462,Star Wars
7259-1,ARC-170 Starfighter,2005,400,Star Wars
6965-2,TIE Interceptor,2005,32,Star Wars
6966-1,Jedi Starfighter - Mini,2005,38,Star Wars
6966-2,Jedi Starfighter - Mini - Korean Duracell promo package with 8 AA batteries,2005,38,Star Wars
6967-1,ARC-170 Starfighter - Mini,2005,42,Star Wars
6967-2,ARC-170 Starfighter - Mini - Korean Duracell promo package with 8 AA batteries,2005,42,Star Wars
6968-1,Mini Wookiee Attack,2005,48,Star Wars
7250-1,Clone Scout Walker,2005,109,Star Wars
7251-1,Darth Vader Transformation,2005,60,Star Wars
7252-1,Droid Tri-Fighter,2005,148,Star Wars
7255-1,General Grievous Chase,2005,112,Star Wars
7256-1,Jedi Starfighter & Vulture Droid,2005,203,Star Wars
7257-1,Ultimate Lightsaber Duel,2005,280,Star Wars
7258-1,Wookiee Attack,2005,366,Star Wars
65845-1,Star Wars Co-Pack of 7256 4492 and 4494,2005,0,Star Wars
7260-1,Wookiee Catamaran,2005,380,Star Wars
7261-2,Clone Turbo Tank (with Non-Light-Up Mace Windu),2006,819,Star Wars
6208-1,B-wing Fighter,2006,439,Star Wars
6209-1,Slave I,2006,537,Star Wars
6212-1,X-wing Fighter,2006,437,Star Wars
6211-1,Imperial Star Destroyer,2006,1389,Star Wars
6205-1,V-wing Fighter,2006,118,Star Wars
6206-1,TIE Interceptor,2006,212,Star Wars
6207-1,A-wing Fighter,2006,194,Star Wars
6210-1,Jabba's Sail Barge,2006,782,Star Wars
7660-1,Naboo N-1 Starfighter and Vulture Droid,2007,279,Star Wars
7657-1,AT-ST,2007,243,Star Wars
7656-1,General Grievous Starfighter,2007,232,Star Wars
7655-1,Clone Troopers Battle Pack,2007,58,Star Wars
7654-1,Droids Battle Pack,2007,102,Star Wars
7661-1,Jedi Starfighter with Hyperdrive Booster Ring,2007,575,Star Wars
4521221-1,Gold chrome plated C-3PO,2007,3,Star Wars
7659-1,Imperial Landing Craft,2007,471,Star Wars
7666-1,Hoth Rebel Base [Limited Edition - with K-3PO],2007,557,Star Wars
7665-1,Republic Cruiser (Limited Edition - with R2-R7),2007,919,Star Wars
7664-1,TIE Crawler,2007,546,Star Wars
7663-1,Sith Infiltrator,2007,310,Star Wars
7662-1,Trade Federation MTT,2007,1326,Star Wars
66221-1,X-wing Fighter and Luke Pilot Maquette Co-Pack,2007,0,Star Wars
7658-1,Y-wing Fighter,2007,454,Star Wars
7667-1,Imperial Dropship,2008,81,Star Wars
7678-1,Droid Gunship,2008,329,Star Wars
7669-2,Anakin's Jedi Starfighter Clone Wars White Box,2008,152,Star Wars
7669-1,Anakin's Jedi Starfighter,2008,153,Star Wars
7680-1,The Twilight - Limited Edition,2008,887,Star Wars
7681-1,Separatist Spider Droid,2008,214,Star Wars
8028-1,TIE Fighter - Mini,2008,44,Star Wars
8029-1,Mini Snowspeeder,2008,66,Star Wars
8031-1,V-19 Torrent - Mini,2008,66,Star Wars
comcon001-1,Clone Wars Pack - San Diego Comic-Con 2008 Exclusive,2008,33,Star Wars
7668-1,Rebel Scout Speeder,2008,81,Star Wars
7675-1,AT-TE Walker,2008,810,Star Wars
7673-1,Magna Guard Starfighter,2008,431,Star Wars
7672-1,Rogue Shadow,2008,481,Star Wars
7671-1,AT-AP Walker,2008,392,Star Wars
7670-2,Hailfire Droid & Spider Droid Clone Wars White Box,2008,249,Star Wars
7670-1,Hailfire Droid & Spider Droid,2008,249,Star Wars
7676-1,Republic Attack Gunship,2008,1044,Star Wars
7674-1,V-19 Torrent,2008,471,Star Wars
7679-1,Republic Fighter Tank,2008,595,Star Wars
20006-1,Clone Turbo Tank - Mini,2008,64,Star Wars
30005-1,Imperial Speeder Bike,2009,33,Star Wars
7778-1,Midi-Scale Millennium Falcon,2009,355,Star Wars
comcon010-1,Mini Republic Dropship Mini AT-TE Brickmaster Pack - San Diego Comic-Con 2009 Exclusive,2009,202,Star Wars
comcon009-1,Collectible Display Set 6 - San Diego Comic-Con 2009 Exclusive,2009,17,Star Wars
comcon011-1,LEGO Star Wars Holo-Brick Archives San Diego Comic-Con 2009 Exclusive,2009,3,Star Wars
comcon008-1,Collectible Display Set 3 - San Diego Comic-Con 2009 Exclusive,2009,16,Star Wars
comcon007-1,Collectible Display Set 5 - San Diego Comic-Con 2009 Exclusive,2009,17,Star Wars
7754-1,Home One Mon Calamari Star Cruiser - Limited Edition,2009,788,Star Wars
comcon006-1,Collectible Display Set 4 - San Diego Comic-Con 2009 Exclusive,2009,30,Star Wars
8037-1,Anakin's Y-wing Starfighter,2009,570,Star Wars
20009-1,AT-TE Walker - Mini,2009,94,Star Wars
8038-1,The Battle of Endor,2009,890,Star Wars
20007-1,Republic Attack Cruiser - Mini,2009,84,Star Wars
8039-1,Venator-Class Republic Attack Cruiser,2009,1170,Star Wars
comcon004-1,Collectible Display Set 1 - San Diego Comic-Con 2009 Exclusive,2009,16,Star Wars
66308-1,Star Wars Super Pack 3 in 1 (7667 7668 8017),2009,0,Star Wars
8036-1,Separatist Shuttle,2009,258,Star Wars
8033-1,General Grievous Starfighter - Mini,2009,44,Star Wars
7749-1,Echo Base,2009,155,Star Wars
30004-1,Battle Droid on STAP,2009,28,Star Wars
TOYFAIR-1,"Toy Fair 2009, Chrome Black Darth Vader",2009,7,Star Wars
8014-1,Clone Walker Battle Pack,2009,80,Star Wars
2853590-1,Stormtrooper,2009,5,Star Wars
8015-1,Assassin Droids Battle Pack,2009,94,Star Wars
7748-1,Corporate Alliance Tank Droid,2009,216,Star Wars
4547551-1,Darth Vader 10 Year Anniversary Promotional Minifigure,2009,7,Star Wars
7753-1,Pirate Tank,2009,371,Star Wars
comcon005-1,Collectible Display Set 2 - San Diego Comic-Con 2009 Exclusive,2009,13,Star Wars
8017-1,Darth Vader's TIE Fighter,2009,257,Star Wars
8018-1,Armored Assault Tank (AAT),2009,406,Star Wars
20010-1,Republic Gunship,2009,94,Star Wars
8019-1,Republic Attack Shuttle,2009,636,Star Wars
7751-1,Ahsoka's Starfighter and Vulture Droid,2009,291,Star Wars
30006-1,Clone Walker,2009,31,Star Wars
7752-1,Count Dooku's Solar Sailer,2009,384,Star Wars
8016-1,Hyena Droid Bomber,2009,235,Star Wars
8088-1,ARC-170 Starfighter,2010,396,Star Wars
8089-1,Hoth Wampa Cave,2010,297,Star Wars
8128-1,Cad Bane's Speeder,2010,317,Star Wars
8092-1,Luke's Landspeeder,2010,163,Star Wars
8093-1,Plo Koon's Jedi Starfighter,2010,175,Star Wars
8095-1,General Grievous' Starfighter,2010,453,Star Wars
8097-1,Slave I,2010,563,Star Wars
8098-1,Clone Turbo Tank,2010,1145,Star Wars
8099-1,Midi-Scale Imperial Star Destroyer,2010,423,Star Wars
30050-1,Republic Attack Shuttle - Mini,2010,54,Star Wars
30051-1,X-wing Fighter - Mini,2010,61,Star Wars
8091-1,Republic Swamp Speeder,2010,175,Star Wars
8087-1,TIE Defender,2010,304,Star Wars
8096-1,Emperor Palpatine's Shuttle,2010,592,Star Wars
8085-1,Freeco Speeder,2010,176,Star Wars
20018-1,AT-AT Walker - Mini,2010,83,Star Wars
8086-1,Droid Tri-Fighter,2010,267,Star Wars
2853835-1,White Boba Fett Figure,2010,5,Star Wars
66368-1,Star Wars Super Pack 3 in 1 (8083 8084 8092),2010,0,Star Wars
66364-1,Star Wars Super Pack 3 in 1 (7749 8083 8084),2010,0,Star Wars
66341-1,Star Wars Super Pack 3 in 1 (8014 8015 8091),2010,0,Star Wars
66366-1,Star Wars Super Pack  3 in 1 (8089 8083 7749),2010,0,Star Wars
CELEBV-1,Fan Celebration V - CubeDude - The Bounty Hunter Edition,2010,497,Star Wars
8083-1,Rebel Trooper Battle Pack,2010,79,Star Wars
8129-1,AT-AT Walker,2010,814,Star Wars
8084-1,Snowtrooper Battle Pack,2010,74,Star Wars
20016-1,Imperial Shuttle - Mini,2010,70,Star Wars
7877-1,Naboo Starfighter,2011,318,Star Wars
66396-1,Star Wars Super Pack 3 in 1,2011,0,Star Wars
7879-1,Hoth Echo Base,2011,773,Star Wars
7868-1,Mace Windu's Jedi Starfighter,2011,308,Star Wars
66377-1,Star Wars Super Pack 3 in 1,2011,0,Star Wars
66378-1,Star Wars Super Pack 3 in 1,2011,0,Star Wars
66395-1,Super Pack 3 in 1,2011,0,Star Wars
7869-1,Battle for Geonosis,2011,335,Star Wars
30053-1,Republic Attack Cruiser - Mini,2011,41,Star Wars
20019-1,Slave I,2011,76,Star Wars
30052-1,AAT,2011,46,Star Wars
30054-1,AT-ST - Mini,2011,46,Star Wars
20021-1,Bounty Hunter Gunship - Mini,2011,81,Star Wars
COMCON015-1,Star Wars Advent Calendar 2011 (San Diego Comic-Con Exclusive),2011,0,Star Wars
2856197-1,Shadow ARF Trooper,2011,5,Star Wars
30055-1,Vulture Droid - Mini,2011,42,Star Wars
5000067-1,Star Wars Sith Kit,2011,0,Star Wars
7914-1,Mandalorian Battle Pack,2011,68,Star Wars
7913-1,Clone Trooper Battle Pack,2011,85,Star Wars
7929-1,The Battle of Naboo,2011,241,Star Wars
7930-1,Bounty Hunter Gunship,2011,390,Star Wars
7931-1,Jedi T-6 Shuttle,2011,389,Star Wars
7956-1,Ewok Attack,2011,166,Star Wars
7957-1,Sith Nightspeeder,2011,214,Star Wars
7959-1,Geonosian Starfighter,2011,163,Star Wars
7961-1,Darth Maul's Sith Infiltrator,2011,479,Star Wars
7962-1,Anakin's and Sebulba's Podracers,2011,810,Star Wars
7964-1,Republic Frigate,2011,1031,Star Wars
7915-1,Imperial V-wing Starfighter,2011,139,Star Wars
7958-1,Star Wars Advent Calendar 2011,2011,267,Star Wars
7965-1,Millennium Falcon,2011,1253,Star Wars
9495-1,Gold Leader's Y-wing Starfighter,2012,457,Star Wars
9500-1,Sith Fury-class Interceptor,2012,748,Star Wars
9496-1,Desert Skiff,2012,220,Star Wars
30057-1,Anakin's Pod Racer,2012,38,Star Wars
30056-1,Star Destroyer,2012,38,Star Wars
9494-1,Anakin's Jedi Interceptor,2012,299,Star Wars
30058-1,STAP,2012,19,Star Wars
5001137-1,Battle Pack Collection,2012,0,Star Wars
9516-1,Jabba’s Palace,2012,717,Star Wars
5000062-1,Darth Maul,2012,7,Star Wars
9492-1,TIE Fighter,2012,413,Star Wars
9491-1,Geonosian Cannon,2012,133,Star Wars
9490-1,Droid Escape,2012,137,Star Wars
5000063-1,TC-14,2012,3,Star Wars
9489-1,Endor Rebel Trooper & Imperial Trooper Battle Pack,2012,77,Star Wars
5001136-1,Buildable Galaxy Collection,2012,0,Star Wars
9488-1,Elite Clone Trooper & Commando Droid Battle Pack,2012,105,Star Wars
9499-1,Gungan Sub,2012,466,Star Wars
9498-1,Saesee Tiin's Jedi Starfighter,2012,244,Star Wars
9497-1,Republic Striker Starfighter,2012,376,Star Wars
9493-1,X-wing Starfighter,2012,560,Star Wars
30059-1,MTT,2012,51,Star Wars
9515-1,The Malevolence,2012,1100,Star Wars
celebvi-1,Boba Fett’s Slave I - Mini - Star Wars Celebration VI Exclusive,2012,81,Star Wars
5001307-1,Buildable Galaxy Collection II,2012,0,Star Wars
9509-1,Star Wars Advent Calendar 2012,2012,235,Star Wars
66411-1,Super Pack 3 in 1,2012,0,Star Wars
66431-1,"Star Wars Super Pack 3 in 1 (7914, 9488, 9491)",2012,0,Star Wars
66432-1,Super Pack 3 in 1,2012,0,Star Wars
5001308-1,The Old Republic Collection,2012,0,Star Wars
comcon019-1,Darth Maul’s Sith Infiltrator - Mini - San Diego Comic-Con 2012 Exclusive,2012,91,Star Wars
COMCON024-1,Luke Skywalker's Landspeeder - Mini,2012,110,Star Wars
9679-1,AT-ST & Endor,2012,65,Star Wars
9678-1,Twin-pod Cloud Car & Bespin,2012,78,Star Wars
5001309-1,Return of the Jedi Collection,2012,0,Star Wars
9676-1,TIE Interceptor & Death Star,2012,65,Star Wars
9525-1,Pre Vizsla's Mandalorian Fighter,2012,403,Star Wars
9675-1,Sebulba's Podracer & Tatooine,2012,80,Star Wars
9526-1,Palpatine’s Arrest,2012,649,Star Wars
9674-1,Naboo Starfighter & Naboo,2012,56,Star Wars
9677-1,X-wing Starfighter & Yavin 4,2012,77,Star Wars
75020-1,Jabba’s Sail Barge,2013,850,Star Wars
75000-1,Clone Troopers vs. Droidekas,2013,124,Star Wars
75001-1,Republic Troopers vs. Sith Troopers,2013,63,Star Wars
75002-1,AT-RT,2013,222,Star Wars
75003-1,A-wing Starfighter,2013,177,Star Wars
75004-1,Z-95 Headhunter,2013,372,Star Wars
75015-1,Corporate Alliance Tank Droid,2013,277,Star Wars
75016-1,Homing Spider Droid,2013,295,Star Wars
75006-1,Jedi Starfighter & Planet Kamino,2013,61,Star Wars
75007-1,Republic Assault Ship & Planet Coruscant,2013,74,Star Wars
75008-1,TIE Bomber & Asteroid Field,2013,60,Star Wars
75009-1,Snowspeeder & Planet Hoth,2013,69,Star Wars
75010-1,B-wing Starfighter & Planet Endor,2013,83,Star Wars
75025-1,Jedi Defender-class Cruiser,2013,926,Star Wars
75017-1,Duel on Geonosis,2013,391,Star Wars
75022-1,Mandalorian Speeder,2013,211,Star Wars
75018-1,JEK-14's Stealth Starfighter,2013,550,Star Wars
75012-1,BARC Speeder with Sidecar,2013,226,Star Wars
75019-1,AT-TE,2013,793,Star Wars
75005-1,Rancor Pit,2013,381,Star Wars
75011-1,Tantive IV & Planet Alderaan,2013,102,Star Wars
75021-1,Republic Gunship,2013,1174,Star Wars
5001709-1,Clone Trooper Lieutenant,2013,5,Star Wars
30243-1,Umbaran MHC,2013,49,Star Wars
30242-1,Republic Frigate,2013,45,Star Wars
30241-1,Mandalorian Fighter,2013,49,Star Wars
30240-1,Z-95 Headhunter,2013,54,Star Wars
MAY2013-1,Holocron Droid,2013,31,Star Wars
YODACHRON-1,Yoda Chronicles Promotional Set,2013,413,Star Wars
comcon032-1,JEK-14 Mini Stealth Starfighter,2013,123,Star Wars
5001621-1,Han Solo (Hoth),2013,5,Star Wars
TRUJEK14-1,Jek-14 Stealth Fighter,2013,40,Star Wars
66473-1,Star Wars Super Pack 3 in 1,2013,0,Star Wars
66456-1,Star Wars Super Pack 3 in 1,2013,0,Star Wars
66449-1,"Star Wars Super Pack 3 in 1 (75000, 75003, 75014)",2013,0,Star Wars
75014-1,Battle Of Hoth,2013,416,Star Wars
75023-1,Star Wars Advent Calendar 2013,2013,254,Star Wars
75013-1,Umbaran MHC (Mobile Heavy Cannon),2013,492,Star Wars
66495-1,Star Wars Super Pack 3 in 1,2014,0,Star Wars
66512-1,"Star Wars Super Pack 2 in 1 (75048, 75053)",2014,0,Star Wars
66514-1,"Star Wars Microfighters Super Pack 3 in 1 (75028, 75029, 75030)",2014,0,Star Wars
66515-1,Microfighters Super Pack 3-in-1,2014,0,Star Wars
75056-1,Star Wars Advent Calendar 2014,2014,275,Star Wars
5002123-1,Darth Revan,2014,7,Star Wars
5002122-1,TC-4,2014,3,Star Wars
66479-1,"Super Pack 3 in 1 (75015, 75035, 75043)",2014,0,Star Wars
FANEXPO001-1,The Ghost Starship,2014,134,Star Wars
75024-1,HH-87 Starhopper,2014,362,Star Wars
75048-1,The Phantom,2014,234,Star Wars
75050-1,B-Wing,2014,448,Star Wars
75051-1,Jedi Scout Fighter,2014,490,Star Wars
75052-1,Mos Eisley Cantina,2014,616,Star Wars
75053-1,The Ghost,2014,929,Star Wars
TRUXWING-1,X-Wing,2014,23,Star Wars
TRUTIE-1,TIE Fighter,2014,12,Star Wars
75054-1,AT-AT,2014,1137,Star Wars
TRUGHOST-1,Micro Ghost,2014,42,Star Wars
75055-1,Imperial Star Destroyer,2014,1358,Star Wars
75058-1,MTT,2014,953,Star Wars
comcon039-1,The Ghost Starship,2014,132,Star Wars
30244-1,Anakin's Jedi Intercepter,2014,45,Star Wars
30246-1,Imperial Shuttle,2014,57,Star Wars
30247-1,ARC-170 Starfighter,2014,54,Star Wars
75046-1,Coruscant Police Gunship,2014,481,Star Wars
75045-1,Republic AV-7 Anti-Vehicle Cannon,2014,434,Star Wars
75049-1,Snowspeeder,2014,279,Star Wars
75043-1,AT-AP,2014,717,Star Wars
75028-1,Clone Turbo Tank,2014,96,Star Wars
75029-1,AAT,2014,95,Star Wars
75030-1,Millennium Falcon,2014,94,Star Wars
75031-1,TIE Interceptor,2014,92,Star Wars
75032-1,X-Wing Fighter,2014,97,Star Wars
75033-1,Star Destroyer,2014,97,Star Wars
75034-1,Death Star Troopers,2014,100,Star Wars
75044-1,Droid Tri-Fighter,2014,263,Star Wars
75036-1,Utapau Troopers,2014,83,Star Wars
75035-1,Kashyyyk Troopers,2014,99,Star Wars
75038-1,Jedi Interceptor,2014,222,Star Wars
75039-1,V-Wing Starfighter,2014,200,Star Wars
75040-1,General Grievous' Wheel Bike,2014,261,Star Wars
75041-1,Vulture Droid,2014,204,Star Wars
75042-1,Droid Gunship,2014,439,Star Wars
75037-1,Battle on Saleucami,2014,178,Star Wars
TRUWOOKIE-1,Wookie Gunship,2015,41,Star Wars
TRUXWING2-1,Star Wars X-wing Fighter,2015,27,Star Wars
CELEB2015-1,Tatooine Mini-Build (Star Wars Celebration Version),2015,178,Star Wars
SWCOMIC1-1,X-Wing,2015,23,Star Wars
SDCC2015-2,Dagobah Mini-Build,2015,177,Star Wars
FANEXPO2015-1,Tatooine Mini-Build (FAN EXPO Version),2015,179,Star Wars
30275-1,TIE Advanced Prototype,2015,47,Star Wars
30274-1,AT-DP,2015,65,Star Wars
30276-1,First Order Special Forces TIE Fighter,2015,41,Star Wars
30272-1,A-Wing Starfighter,2015,58,Star Wars
75111-1,Darth Vader,2015,160,Star Wars
75081-1,T-16 Skyhopper,2015,247,Star Wars
75084-1,Wookiee Gunship,2015,570,Star Wars
75083-1,AT-DP,2015,500,Star Wars
75082-1,TIE Advanced Prototype,2015,355,Star Wars
30278-1,Poe's X-wing Fighter,2015,64,Star Wars
75080-1,AAT,2015,251,Star Wars
75079-1,Shadow Troopers,2015,95,Star Wars
75078-1,Imperial Troop Transport,2015,141,Star Wars
75077-1,Homing Spider Droid,2015,102,Star Wars
75076-1,Republic Gunship,2015,105,Star Wars
75075-1,AT-AT,2015,88,Star Wars
75074-1,Snowspeeder,2015,97,Star Wars
75073-1,Vulture Droid,2015,77,Star Wars
75072-1,ARC-170 Starfighter,2015,95,Star Wars
5002938-1,Stormtrooper Sergeant,2015,6,Star Wars
5002939-1,The Phantom,2015,23,Star Wars
5002947-1,Admiral Yularen,2015,4,Star Wars
5002948-1,C-3PO,2015,3,Star Wars
75097-1,Star Wars Advent Calendar 2015,2015,291,Star Wars
66536-1,Battle Pack 2 in 1,2015,0,Star Wars
911506-1,Snowspeeder,2015,19,Star Wars
66535-1,Battle Pack 2 in 1,2015,0,Star Wars
911508-1,Slave One,2015,20,Star Wars
911509-1,Imperial Shooter,2015,20,Star Wars
66533-1,Star Wars Super Pack 3 in 1,2015,0,Star Wars
75086-1,Battle Droid Troop Carrier,2015,565,Star Wars
75085-1,Hailfire Droid,2015,163,Star Wars
75088-1,Senate Commando Troopers,2015,106,Star Wars
911511-1,Jedi Weapon Stand,2015,16,Star Wars
911510-1,Star Destroyer & TIE Fighter,2015,21,Star Wars
75112-1,General Grievous,2015,186,Star Wars
75110-1,Luke Skywalker,2015,83,Star Wars
75109-1,Obi-Wan Kenobi,2015,83,Star Wars
75108-1,Clone Commander Cody,2015,82,Star Wars
75107-1,Jango Fett,2015,85,Star Wars
75106-1,Imperial Assault Carrier,2015,1216,Star Wars
75105-1,Millennium Falcon,2015,1330,Star Wars
75104-1,Kylo Ren's Command Shuttle,2015,1005,Star Wars
75087-1,Anakin's Custom Jedi Starfighter,2015,369,Star Wars
75103-1,First Order Transporter,2015,792,Star Wars
75101-1,First Order Special Forces TIE Fighter,2015,530,Star Wars
75100-1,First Order Snowspeeder,2015,444,Star Wars
75099-1,Rey's Speeder,2015,194,Star Wars
75096-1,Sith Infiltrator,2015,661,Star Wars
75094-1,Imperial Shuttle Tydirium,2015,937,Star Wars
75093-1,Death Star Final Duel,2015,723,Star Wars
75092-1,Naboo Starfighter,2015,442,Star Wars
75091-1,Flash Speeder,2015,312,Star Wars
75090-2,Ezra's Speeder Bike [Original Version],2015,253,Star Wars
75090-1,Ezra's Speeder Bike [Redesigned Version],2015,267,Star Wars
75089-1,Geonosis Troopers,2015,105,Star Wars
75102-1,Poe's X-Wing Fighter,2015,715,Star Wars
66534-1,Star Wars Super Pack 3 in 1,2015,0,Star Wars
911617-1,Palpatine's Shuttle,2016,37,Star Wars
911616-1,MTT,2016,45,Star Wars
911609-1,Naboo Starfighter,2016,34,Star Wars
911614-1,Yoda's Hut,2016,29,Star Wars
911613-1,TIE Bomber,2016,26,Star Wars
911612-1,Acklay,2016,49,Star Wars
911611-1,AAT,2016,37,Star Wars
911610-1,Probe Droid,2016,20,Star Wars
911615-1,AT-AT,2016,48,Star Wars
911608-1,Landspeeder,2016,37,Star Wars
75142-1,Homing Spider Droid,2016,310,Star Wars
30279-1,Kylo Ren's Command Shuttle,2016,43,Star Wars
75131-1,Resistance Trooper Battle Pack,2016,112,Star Wars
75130-1,AT-DP,2016,76,Star Wars
75129-1,Wookiee Gunship,2016,84,Star Wars
75128-1,TIE Advanced Prototype,2016,93,Star Wars
75127-1,The Ghost,2016,104,Star Wars
75126-1,First Order Snowspeeder,2016,91,Star Wars
75125-1,Resistance X-Wing Fighter,2016,87,Star Wars
75121-1,Imperial Death Trooper,2016,105,Star Wars
75120-1,K-2SO,2016,169,Star Wars
75119-1,Sergeant Jyn Erso,2016,104,Star Wars
TRUFALCON-1,Millennium Falcon,2016,44,Star Wars
75118-1,Captain Phasma,2016,82,Star Wars
75116-1,Finn,2016,98,Star Wars
75115-1,Poe Dameron,2016,102,Star Wars
75114-1,First Order Stormtrooper,2016,81,Star Wars
75113-1,Rey,2016,84,Star Wars
5004406-1,First Order General,2016,4,Star Wars
5004408-1,Rebel A-wing Pilot,2016,5,Star Wars
6176782-1,Escape the Space Slug,2016,161,Star Wars
75146-1,Star Wars Advent Calendar 2016,2016,282,Star Wars
66542-1,Star Wars Microfighters Super Pack 3 in 1,2016,0,Star Wars
66543-1,Microfighters Super Pack 3 in 1,2016,0,Star Wars
75117-1,Kylo Ren,2016,86,Star Wars
75133-1,Rebel Alliance Battle Pack,2016,101,Star Wars
75132-1,First Order Battle Pack,2016,88,Star Wars
75135-1,Obi-Wan's Jedi Interceptor,2016,215,Star Wars
911607-1,Millennium Falcon,2016,42,Star Wars
30277-1,First Order Star Destroyer,2016,56,Star Wars
75158-1,Rebel Combat Frigate,2016,935,Star Wars
75157-1,Captain Rex’s AT-TE,2016,972,Star Wars
75156-1,Krennic’s Imperial Shuttle,2016,862,Star Wars
75155-1,Rebel U-Wing Fighter,2016,659,Star Wars
75154-1,TIE Striker,2016,543,Star Wars
75153-1,AT-ST Walker,2016,449,Star Wars
75152-1,Imperial Assault Hovertank,2016,385,Star Wars
75134-1,Galactic Empire Battle Pack,2016,109,Star Wars
75150-1,Vader’s TIE Advanced vs. A-Wing Starfighter,2016,702,Star Wars
75151-1,Clone Turbo Tank,2016,903,Star Wars
75148-1,Encounter on Jakku,2016,530,Star Wars
75147-1,StarScavenger,2016,558,Star Wars
75145-1,Eclipse Fighter,2016,363,Star Wars
30602-1,First Order Stormtrooper,2016,7,Star Wars
75141-1,Kanan's Speeder Bike,2016,234,Star Wars
75140-1,Resistance Troop Transporter,2016,646,Star Wars
75139-1,Battle on Takodana,2016,409,Star Wars
75138-1,Hoth Attack,2016,233,Star Wars
75137-1,Carbon-Freezing Chamber,2016,231,Star Wars
75136-1,Droid Escape Pod,2016,197,Star Wars
75149-1,Resistance X-Wing Fighter,2016,742,Star Wars
30605-1,Finn (FN-2187),2016,6,Star Wars
30496-1,U-Wing Fighter,2017,55,Star Wars
30497-1,First Order Heavy Assault Walker,2017,54,Star Wars
911618-1,Flash Speeder,2017,43,Star Wars
75167-1,Bounty Hunter Speeder Bike Battle Pack,2017,125,Star Wars
911719-1,Kanan Jarrus,2017,6,Star Wars
75174-1,Desert Skiff Escape,2017,284,Star Wars
75175-1,A-Wing Starfighter,2017,358,Star Wars
75176-1,Resistance Transport Pod,2017,294,Star Wars
75177-1,First Order Heavy Scout Walker,2017,554,Star Wars
75178-1,Jakku Quadjumper,2017,457,Star Wars
75179-1,Kylo Ren's TIE Fighter,2017,630,Star Wars
75173-1,Luke's Landspeeder,2017,149,Star Wars
75180-1,Rathtar Escape,2017,836,Star Wars
75183-1,Darth Vader Transformation,2017,290,Star Wars
75186-1,The Arrowhead,2017,774,Star Wars
75187-1,BB-8,2017,1106,Star Wars
75188-1,Resistance Bomber,2017,780,Star Wars
75189-1,First Order Heavy Assault Walker,2017,1376,Star Wars
75190-1,First Order Star Destroyer,2017,1416,Star Wars
75182-1,Republic Fighter Tank,2017,305,Star Wars
75191-1,Jedi Starfighter with Hyperdrive,2017,832,Star Wars
75172-1,Y-Wing Starfighter,2017,691,Star Wars
75170-1,The Phantom,2017,269,Star Wars
66556-1,Star Wars Super Pack 2 in 1,2017,0,Star Wars
66555-1,Rogue One Trooper Super Pack,2017,0,Star Wars
75184-1,Star Wars Advent Calendar 2017,2017,309,Star Wars
6211760-1,Detention Block Rescue,2017,220,Star Wars
55555-1,Star Wars Mini Millennium Falcon,2017,20,Star Wars
75160-1,U-Wing Microfighter,2017,108,Star Wars
75171-1,Battle on Scarif,2017,419,Star Wars
75161-1,TIE Striker Microfighter,2017,87,Star Wars
75163-1,Krennic's Imperial Shuttle Microfighter,2017,77,Star Wars
75164-1,Rebel Trooper Battle Pack,2017,120,Star Wars
75165-1,Imperial Trooper Battle Pack,2017,111,Star Wars
75166-1,First Order Transport Speeder Battle Pack,2017,117,Star Wars
75168-1,Yoda's Jedi Starfighter,2017,262,Star Wars
75169-1,Duel on Naboo,2017,208,Star Wars
75162-1,Y-Wing Microfighter,2017,90,Star Wars
30611-1,R2-D2,2017,70,Star Wars
TRUBB8-1,BB-8,2017,39,Star Wars
75531-1,Stormtrooper Commander,2017,100,Star Wars
911720-1,The Ghost,2017,50,Star Wars
40176-1,Scarif Stormtrooper,2017,25,Star Wars
40268-1,R3-M2,2017,22,Star Wars
911722-1,TIE Advanced,2017,26,Star Wars
911723-1,Vulture Droid,2017,35,Star Wars
911724-1,A-Wing,2017,47,Star Wars
911725-1,Sandcrawler,2017,50,Star Wars
911726-1,Imperial Snowtrooper,2017,7,Star Wars
911727-1,Rey's Speeder,2017,35,Star Wars
911728-1,First Order Snowspeeder,2017,44,Star Wars
911729-1,Droid Gunship,2017,25,Star Wars
911730-1,Y-Wing,2017,60,Star Wars
75532-1,Scout Trooper & Speeder Bike,2017,452,Star Wars
75530-1,Chewbacca,2017,179,Star Wars
75529-1,Elite Praetorian Guard,2017,92,Star Wars
75185-1,Tracker I,2017,557,Star Wars
75526-1,Elite TIE Fighter Pilot,2017,94,Star Wars
75525-1,Baze Malbus,2017,148,Star Wars
75524-1,Chirrut Îmwe,2017,87,Star Wars
75523-1,Scarif Stormtrooper,2017,89,Star Wars
75528-1,Rey,2017,83,Star Wars
TRUSWMF-2,Millennium Falcon,2018,24,Star Wars
911841-1,Poe Dameron's X-Wing,2018,48,Star Wars
75213-1,Star Wars Advent Calendar 2018,2018,307,Star Wars
911840-1,Droideka,2018,24,Star Wars
911721-1,Imperial Combat Driver,2018,5,Star Wars
911839-1,Obi-Wan Kenobi,2018,6,Star Wars
911838-1,Probe Droid,2018,26,Star Wars
911836-1,Quadjumper,2018,42,Star Wars
911835-1,Dwarf Spider Droid,2018,23,Star Wars
911834-1,Finn,2018,5,Star Wars
911833-1,Imperial Shuttle,2018,36,Star Wars
911831-1,Kylo Ren's Shuttle,2018,21,Star Wars
911832-1,Imperial Shuttle Pilot,2018,5,Star Wars
PORG-1,Porg,2018,75,Star Wars
911837-1,AT-ST,2018,48,Star Wars
911842-1,Star Destroyer,2018,35,Star Wars
66596-1,Super Pack 2-in-1,2018,0,Star Wars
75209-1,Han Solo's Landspeeder,2018,345,Star Wars
75198-1,Tatooine Battle Pack,2018,97,Star Wars
75199-1,General Grievous' Combat Speeder,2018,157,Star Wars
75200-1,Ahch-To Island Training,2018,241,Star Wars
75230-1,Porg,2018,811,Star Wars
75202-1,Defense of Crait,2018,746,Star Wars
75203-1,Hoth Medical Chamber,2018,255,Star Wars
75204-1,Sandspeeder,2018,278,Star Wars
75205-1,Mos Eisley Cantina,2018,376,Star Wars
75206-1,Jedi and Clone Troopers Battle Pack,2018,102,Star Wars
75207-1,Imperial Patrol Battle Pack,2018,99,Star Wars
75208-1,Yoda's Hut,2018,229,Star Wars
75197-1,First Order Specialists Battle Pack,2018,108,Star Wars
75210-1,Moloch's Landspeeder,2018,461,Star Wars
75212-1,Kessel Run Millennium Falcon,2018,1414,Star Wars
75214-1,Anakin's Jedi Starfighter,2018,247,Star Wars
75215-1,Cloud-Rider Swoop Bikes,2018,355,Star Wars
75216-1,Snoke's Throne Room,2018,491,Star Wars
75217-1,Imperial Conveyex Transport,2018,622,Star Wars
75218-1,X-Wing Starfighter,2018,730,Star Wars
75219-1,Imperial AT-Hauler,2018,829,Star Wars
75220-1,Sandcrawler,2018,1239,Star Wars
75221-1,Imperial Landing Craft,2018,635,Star Wars
75222-1,Betrayal at Cloud City,2018,2810,Star Wars
66597-1,Super Pack 2-in-1,2018,0,Star Wars
75211-1,Imperial TIE Fighter,2018,519,Star Wars
75196-1,A-Wing vs. TIE Silencer Microfighters,2018,188,Star Wars
75201-1,First Order AT-ST,2018,370,Star Wars
75194-1,First Order TIE Fighter Microfighter,2018,91,Star Wars
6252812-1,Luke Skywalker,2018,20,Star Wars
6252811-1,Obi-Wan Kenobi,2018,18,Star Wars
75251-1,Darth Vader's Castle,2018,1060,Star Wars
6252810-1,Han Solo,2018,23,Star Wars
6252808-1,Chewbacca,2018,22,Star Wars
30498-1,Imperial AT-Hauler,2018,49,Star Wars
6252770-1,Leia Organa,2018,18,Star Wars
75195-1,Ski Speeder vs First Order Walker Microfighters,2018,216,Star Wars
40288-1,BB-8,2018,48,Star Wars
40298-1,DJ,2018,22,Star Wars
40299-1,Kessel Mine Worker,2018,22,Star Wars
30381-1,Imperial TIE Fighter,2018,42,Star Wars
40300-1,Han Solo Mudtrooper,2018,22,Star Wars
5005376-1,Darth Vader,2018,37,Star Wars
75537-1,Darth Maul,2018,104,Star Wars
75536-1,Range Trooper,2018,101,Star Wars
75535-1,Han Solo,2018,100,Star Wars
30380-1,Kylo Ren's Shuttle,2018,33,Star Wars
75534-1,Darth Vader,2018,168,Star Wars
75533-1,Boba Fett,2018,144,Star Wars
75188-2,Resistance Bomber (Finch Dallow version),2018,758,Star Wars
75512-1,Millennium Falcon Cockpit,2018,203,Star Wars
75193-1,Millennium Falcon Microfighter,2018,92,Star Wars
75237-1,TIE Fighter Attack,2019,77,Star Wars
75239-1,Action Battle Hoth Generator Attack,2019,235,Star Wars
75236-1,Duel on Starkiller Base,2019,191,Star Wars
75240-1,Major Vonreg’s TIE Fighter,2019,496,Star Wars
75238-1,Action Battle Endor Assault,2019,193,Star Wars
75241-1,Action Battle Echo Base Defense,2019,504,Star Wars
75250-1,Pasaana Speeder Chase,2019,372,Star Wars
75243-1,Slave I - 20th Anniversary Edition,2019,1006,Star Wars
75244-1,Tantive IV,2019,1772,Star Wars
75249-1,Resistance Y-Wing Starfighter,2019,578,Star Wars
75248-1,Resistance A-Wing Starfighter,2019,269,Star Wars
75246-1,Death Star Cannon,2019,159,Star Wars
75247-1,Rebel A-Wing Starfighter,2019,62,Star Wars
75242-1,Black Ace TIE Interceptor,2019,396,Star Wars
75235-1,X-Wing Starfighter Trench Run,2019,132,Star Wars
77901-1,Sith Trooper Bust,2019,484,Star Wars
75233-1,Droid Gunship,2019,389,Star Wars
75245-1,Star Wars Advent Calendar 2019,2019,280,Star Wars
5005888-1,Star Wars 20th Anniversary Art Print,2019,1,Star Wars
5005887-2,Star Wars 20th Anniversary Lightsaber Poster (Red),2019,0,Star Wars
5005887-1,Star Wars 20th Anniversary Lightsaber Poster (Blue),2019,0,Star Wars
XWING-2,X-Wing Trench Run,2019,52,Star Wars
XWING-1,Mini X-Wing Fighter,2019,60,Star Wars
75253-1,Droid Commander,2019,1184,Star Wars
75234-1,AT-AP Walker,2019,688,Star Wars
TANTIVE-IV-1,Tantive IV,2019,56,Star Wars
75224-1,Sith Infiltrator Microfighter,2019,92,Star Wars
75225-1,Elite Praetorian Guard Battle Pack,2019,109,Star Wars
75226-1,Inferno Squad Battle Pack,2019,118,Star Wars
75227-1,Darth Vader Bust,2019,327,Star Wars
LUKE-1,Star Wars - Force Friday Mini Build - Luke Skywalker,2019,87,Star Wars
75228-1,Escape Pod vs. Dewback Microfighters,2019,177,Star Wars
75229-1,Death Star Escape,2019,329,Star Wars
75223-1,Naboo Starfighter Microfighter,2019,62,Star Wars
75254-1,AT-ST Raider,2019,540,Star Wars
75262-1,Imperial Dropship - 20th Anniversary Edition,2019,125,Star Wars
75256-1,Kylo Ren's Shuttle,2019,1005,Star Wars
911954-1,Kylo Ren's TIE Silencer,2019,33,Star Wars
911953-1,First Order SF TIE Fighter,2019,32,Star Wars
911952-1,Jedi Interceptor,2019,30,Star Wars
911951-1,First Order Stormtrooper,2019,5,Star Wars
911950-1,B-Wing,2019,52,Star Wars
911949-1,Millennium Falcon,2019,32,Star Wars
911948-1,AT-M6,2019,52,Star Wars
911947-1,IG-88,2019,11,Star Wars
911946-1,U-Wing,2019,37,Star Wars
911945-1,Slave I,2019,31,Star Wars
911944-1,Resistance Bomber,2019,37,Star Wars
911943-1,Luke Skywalker,2019,6,Star Wars
75522-1,Mini Droid Commander,2019,62,Star Wars
75255-1,Yoda,2019,1771,Star Wars
40362-1,Battle of Endor - 20th Anniversary Edition,2019,197,Star Wars
75257-1,Millennium Falcon,2019,1348,Star Wars
75258-1,Anakin's Podracer - 20th Anniversary Edition,2019,279,Star Wars
40333-1,Battle of Hoth - 20th Anniversary Edition,2019,195,Star Wars
75259-1,Snowspeeder - 20th Anniversary Edition,2019,309,Star Wars
30624-1,Obi-Wan Kenobi - Collectible Minifigure,2019,12,Star Wars
30461-1,Podracer,2019,61,Star Wars
75261-1,Clone Scout Walker - 20th Anniversary Edition,2019,250,Star Wars
30383-1,Naboo Starfighter,2019,48,Star Wars
30384-1,Snowspeeder,2019,49,Star Wars
912056-1,TIE Striker,2020,28,Star Wars
912055-1,Snowspeeder,2020,28,Star Wars
75279-1,Star Wars Advent Calendar 2020,2020,312,Star Wars
30386-1,Poe Dameron's X-wing Fighter,2020,72,Star Wars
5006290-1,Yoda's Lightsaber,2020,140,Star Wars
75292-1,The Mandalorian Bounty Hunter Transport,2020,1023,Star Wars
75293-1,Resistance I-TS Transport,2020,931,Star Wars
912057-1,R2-D2 & MSE-6,2020,13,Star Wars
75318-1,The Child,2020,1073,Star Wars
40407-1,Death Star II Battle,2020,235,Star Wars
75294-1,Bespin Duel,2020,295,Star Wars
912058-1,Darth Maul's Sith Infiltrator,2020,34,Star Wars
912060-1,A-Wing,2020,44,Star Wars
77904-1,Nebulon-B Frigate,2020,458,Star Wars
75263-1,Resistance Y-wing Microfighter,2020,86,Star Wars
75264-1,Kylo Ren's Shuttle Microfighter,2020,72,Star Wars
75265-1,T-16 Skyhopper vs. Bantha Microfighters,2020,198,Star Wars
75266-1,Sith Troopers Battle Pack,2020,105,Star Wars
75267-1,Mandalorian Battle Pack,2020,109,Star Wars
75268-1,Snowspeeder,2020,91,Star Wars
75269-1,Duel on Mustafar,2020,208,Star Wars
75270-1,Obi-Wan's Hut,2020,200,Star Wars
75271-1,Luke Skywalker's Landspeeder,2020,236,Star Wars
75272-1,Sith TIE Fighter,2020,470,Star Wars
75273-1,Poe Dameron's X-wing Fighter,2020,761,Star Wars
912059-1,Elite Praetorian Guard,2020,7,Star Wars
75276-1,Stormtrooper,2020,647,Star Wars
75277-1,Boba Fett,2020,625,Star Wars
75274-1,TIE Fighter Pilot,2020,724,Star Wars
75280-1,501st Legion Clone Troopers,2020,284,Star Wars
912061-1,AT-AT,2020,51,Star Wars
912062-1,Stormtrooper,2020,5,Star Wars
912063-1,Resistance X-Wing,2020,42,Star Wars
912064-1,Sith Eternal TIE Dagger,2020,37,Star Wars
912065-1,Luke Skywalker,2020,7,Star Wars
912066-1,Jedi Interceptor,2020,0,Star Wars
75278-1,D-O,2020,519,Star Wars
75290-1,Mos Eisley Cantina,2020,3186,Star Wars
75291-1,Death Star Final Duel,2020,774,Star Wars
75286-1,General Grievous’s Starfighter,2020,487,Star Wars
75284-1,Knights of Ren Transport Ship,2020,595,Star Wars
75283-1,Armoured Assault Tank (AAT),2020,285,Star Wars
75281-1,Anakin’s Jedi Interceptor,2020,248,Star Wars
75288-1,AT-AT,2020,1267,Star Wars
